DOI,COUNTRY,INSTITUTION
10.31209/2019.100000149,,[]
10.31209/2019.100000131,,[]
10.31209/2019.100000134,,[]
10.1007/s00464-019-06887-8,,[]
10.1109/mce.2019.2953741,,[]
10.1007/s10055-019-00389-7,,[]
10.1016/j.foodqual.2019.103833,,[]
10.1080/10447318.2020.1726108,USA,"[{'name': 'School of Kinesiology, University of Minnesota, Minneapolis, Minnesota, USA'}]"
10.3341/jkos.2020.61.2.125,Korea,"[{'name': 'Department of Ophthalmology, Dongguk University Ilsan Hospital, Goyang, Korea.'}]"
10.1002/jsid.840,China,"[{'name': 'Beijing Engineering Research Center of Mixed Reality and Advanced Display, School of Optics and PhotonicsBeijing Institute of Technology Beijing China'}]"
10.1007/s10639-020-10119-1,,[]
10.3389/fmed.2019.00329,,[]
10.1080/14616688.2020.1713881,,"[{'name': 'Ted Rogers School of Hospitality and Tourism Management, Ryerson University in Toronto, Canada"
10.4218/etrij.2019-0284,Korea,[{'name': 'Media Intellectualization Research Section Electronics and Telecommunications Research Institute Daejeon Rep. of Korea'}]
10.3390/brainsci10010055,,[]
10.1109/jiot.2019.2946593,,[]
10.1097/aud.0000000000000736,,[]
10.1016/j.pnucene.2019.103127,,[]
10.1007/s12555-018-0882-3,,[]
10.1080/10494820.2019.1703008,Canada,"[{'name': 'School of Electrical Engineering and Computer Science, University of Ottawa, Ottawa, Canada'}]"
10.1108/lht-08-2019-0166,,[]
10.1016/j.jbiomech.2019.109379,,[]
10.1016/j.displa.2019.08.003,,[]
10.1016/j.jmapro.2019.10.016,,[]
10.1016/j.humov.2019.102526,,[]
10.1177/0018720819835088,USA,"[{'name': 'Temple University, Philadelphia, Pennsylvania, USA'}]"
10.1007/s10055-018-0376-x,,[]
10.1177/0735633119854025,USA,"[{'name': 'Department of Geography, The Pennsylvania State University, University Park, PA, USA'}]"
10.1007/s10055-019-00412-x,,[]
10.14716/ijtech.v10i7.3259,,[]
10.3389/fnhum.2019.00417,,[]
10.1007/s10055-019-00409-6,,[]
10.3389/fnhum.2019.00401,,[]
10.1080/17483107.2019.1688398,USA,"[{'name': 'Department of Mechanical Engineering, Baylor University, Waco, TX, USA'}]"
10.1007/s12065-019-00314-6,,[]
10.1007/s10055-019-00407-8,,[]
10.1002/cav.1873,Sweden,[{'name': 'Division of Fire Safety EngineeringLund University Lund Sweden'}]
10.3390/su11226453,,[]
10.3390/ijerph16224406,,[]
10.1016/j.heliyon.2019.e02583,,[]
10.21053/ceo.2018.01592,,[]
10.12659/msm.915284,Korea,"[{'name': 'Department of Physical Therapy, Graduate School of Kyungnam University, Changwon, South Korea'}]"
10.1080/17453054.2019.1671813,,"[{'name': 'School of Medicine, Ninewells Hospital and Medical School, University of Dundee, Dundee, United Kingdom"
10.1186/s12984-019-0601-1,,[]
10.1007/s11042-019-08220-w,,[]
10.1016/j.compedu.2019.103600,,[]
10.1177/0278364919842925,USA,"[{'name': 'Humans To Robots Laboratory, Department of Computer Science, Providence, RI, USA'}]"
10.1016/j.autcon.2019.102884,,[]
10.1109/jsen.2019.2921644,,[]
10.1007/s10956-019-09781-z,,[]
10.1016/j.buildenv.2019.106285,,[]
10.1177/1471301219868036,UK,"[{'name': 'St Andrew?s Healthcare, Northampton, UK'}]"
10.2196/13887,,[]
10.1364/oe.27.024877,,[]
10.1093/iwc/iwz033,Australia,"[{'name': 'Cyberpsychology Research Group, Faculty of Medicine and Health, The University of Sydney, City Road, Sydney, 2006, Australia'}]"
10.1007/s10015-019-00536-y,,[]
10.1109/tnsre.2019.2931778,,[]
10.1007/s10055-018-0348-1,,[]
10.1115/1.4043068,Italia,"[{'name': 'School of Industrial and Information Engineering, Politecnico di Milano, Milan 20156, Italy'}]"
10.1016/j.apergo.2019.04.001,,[]
10.3389/fnagi.2019.00218,,[]
10.1177/0018720819867501,Korea,"[{'name': 'Kunsan National University, Republic of Korea'}]"
10.1145/3313902,USA,"[{'name': 'Iowa State University, Ames, IA'}]"
10.1016/j.entcom.2019.100308,,[]
10.3390/jcm8081153,,[]
10.1016/j.jflm.2019.06.005,,[]
10.1080/10494820.2019.1641525,USA,"[{'name': 'Polytechnic School, Arizona State University, Mesa, AZ, USA'}]"
10.3389/frobt.2019.00050,,[]
10.1109/tlt.2019.2926727,,[]
10.4018/ijmbl.2016100104,,[]
10.1016/j.diin.2019.04.007,,[]
10.1109/lra.2019.2921928,,[]
10.1016/j.displa.2018.07.001,,[]
10.1016/j.displa.2018.10.001,,[]
10.4018/ijmbl.2016100104,China,[{'name': 'Southeast University'}]
10.1007/s11548-019-01992-4,,[]
10.3758/s13421-010-0054-z,,[]
10.1016/j.archger.2019.05.008,,[]
10.1016/j.simpat.2019.03.005,,[]
10.1108/jet-12-2018-0057,,[]
10.3389/fpsyg.2019.01330,,[]
10.1080/00140139.2019.1582805,,"[{'name': 'Department of Applied Visual Science, Osaka University Graduate School of Medicine, Suita, Japan"
10.1016/j.cag.2019.03.018,,[]
10.1007/s11277-018-5382-5,,[]
10.1007/s41064-019-00065-0,,[]
10.3928/02793695-20190430-01,,[]
10.1177/1553350618822860,Italia,"[{'name': 'Università degli Studi di Milano, Milan, Italy'}]"
10.1007/s10055-018-0371-2,,[]
10.1007/s10055-018-0374-z,,[]
10.1200/jgo.18.00263,USA,"[{'name': 'Southern Methodist University, Dallas, TX'}]"
10.1002/cav.1880,China,[{'name': 'School of Communication and Information EngineeringShanghai University Shanghai China'}]
10.3390/info10050177,,[]
10.1097/nne.0000000000000570,,[]
10.1109/tvcg.2019.2898782,,[]
10.1177/1046878118820905,,[]
10.1016/j.apacoust.2018.12.037,,[]
10.1016/j.jbiomech.2019.02.015,,[]
10.1016/j.jbmt.2019.02.012,,[]
10.1002/jsid.765,USA,"[{'name': 'Google Inc., Mountain View California'}]"
10.3390/sym11040476,,[]
10.1177/1354856517738171,Australia,"[{'name': 'Swinburne University of Technology, Australia'}]"
10.1089/end.2018.0626,USA,"[{'name': 'Department of Urology, School of Medicine, University of California, Irvine, Orange, California.'}]"
10.1016/j.jcde.2018.05.006,China,"[{'name': 'College of Architecture and Urban Planning, Tongji University, No. 1239, Siping Road, Shanghai 200092, China'}]"
10.1016/j.cpc.2018.11.013,,[]
10.1016/j.chb.2018.12.018,,[]
10.1109/lra.2018.2888628,,[]
10.1371/journal.pone.0214603,,[]
10.1016/j.jbiomech.2019.02.004,,[]
10.3332/ecancer.2019.910,,[]
10.3390/su11061605,,[]
10.1186/s13673-019-0169-6,,[]
10.1007/s11042-018-6403-9,,[]
10.3390/s19051121,,[]
10.1007/s10209-017-0581-5,,[]
10.1007/s10055-018-0346-3,,[]
10.1007/s10055-018-0364-1,,[]
10.1007/s11548-018-1814-7,,[]
10.1037/neu0000517,,[]
10.1016/j.buildenv.2018.12.054,,[]
10.1186/s12859-019-2666-z,,[]
10.1167/tvst.8.1.23,USA,"[{'name': 'Lions Vision Research and Rehabilitation Center, Wilmer Eye Institute, Johns Hopkins University School of Medicine, Baltimore, MD, USA'}]"
10.1002/jsid.747,China,"[{'name': 'Beijing Engineering Research Center of Mixed Reality and Advanced Display, School of Optics and PhotonicsBeijing Institute of Technology Beijing China'}]"
10.1002/jsid.750,China,"[{'name': 'Beijing Engineering Research Center of Mixed Reality and Advanced Display, School of Optics and PhotonicsBeijing Institute of Technology Beijing China'}]"
10.1111/rssa.12381,,[]
10.1119/1.5080224,USA,"[{'name': 'Department of Physics, Reed College, Portland, Oregon 97202'}]"
10.1088/1741-2552/aaed17,,[]
10.1364/oe.27.001164,,[]
10.1016/j.buildenv.2018.11.004,,[]
10.1111/cgf.13780,Canada,"[{'name': 'McMaster University, Canada'}, {'name': 'University of British Columbia, Canada'}]"
10.1111/cgf.13780,Italia,"[{'name': 'Università degli Studi di Genova, Italy'}]"
10.1111/cgf.13026,Italia,"[{'name': 'DIMIE, Università della Basilicata, Potenza, Italy'}]"
10.3233/ica-180586,China,"[{'name': 'State Key Laboratory on Integrated Optoelectronics, Institute of Semiconductors, Chinese Academy of Sciences, Beijing, China'}, {'name': 'University of Chinese Academy of Sciences, Beijing, China'}]"
10.1109/access.2019.2934990,,[]
10.3233/ves-190660,India,"[{'name': 'Department of Bioengineering, Christian Medical College, Bagayam, Vellore, Tamil Nadu, India'}]"
10.1016/j.ijleo.2019.01.083,,[]
10.1080/15980316.2019.1567612,Korea,"[{'name': 'Department of Industrial Design, Korea Advanced Institute of Science and Technology (KAIST),\xa0 Daejeon, Republic of Korea'}]"
10.1109/access.2019.2905143,,[]
10.3991/ijoe.v15i06.9933,,[]
10.1016/j.jbi.2018.11.012,,[]
10.1109/access.2019.2897018,,[]
10.1109/access.2018.2878237,,[]
10.1016/j.jvcir.2018.11.039,,[]
10.1515/sjpain-2018-0123,USA,"[{'name': 'Department of Psychology , University of Maryland , Baltimore County, 1000 Hilltop Circle , Baltimore, MD 21250 , USA'}]"
10.1016/j.apergo.2018.08.012,,[]
10.1016/j.compedu.2018.09.015,,[]
10.1115/1.4041428,USA,"[{'name': 'Mem. ASME Department of Industrial and Systems Engineering, Mississippi State University, Mississippi State, MS 39762 e-mail:'}]"
10.1177/0361198118758311,USA,"[{'name': 'Department of Mechanical and Industrial Engineering, University of Massachusetts Amherst, Amherst, MA'}]"
10.18383/j.tom.2018.00053,,[]
10.1109/tcds.2018.2828865,,[]
10.1088/1741-2552/aadd55,,[]
10.3389/fpsyg.2018.02265,,[]
10.1108/jchmsd-09-2017-0067,,[]
10.3389/fpsyg.2018.02086,,[]
10.1145/3265755,USA,"[{'name': 'University of California, Santa Cruz, USA'}]"
10.6036/8816,Spain,[{'name': 'Universidad de Burgos (Spain)'}]
10.1109/tvcg.2018.2868527,,[]
10.1109/tmm.2018.2829187,,[]
10.1007/s10055-017-0329-9,,[]
10.1186/s13673-018-0154-5,,[]
10.1049/htl.2018.5077,,no match
10.1007/s11042-018-5730-1,,[]
10.30773/pi.2018.06.28.3,,[]
10.1111/cgf.13026,Mexico,"[{'name': 'School of Medicine, Universidad Panamericana, Mexico City, Mexico.'}, {'name': 'Department of Surgery, Clínica Pisanty, ISSSTE, Mexico City, Mexico.'}]"
10.1089/g4h.2017.0190,USA,"[{'name': 'Department of Film and Digital Media, Baylor University, Waco, Texas.'}]"
10.1016/j.apergo.2018.03.015,,[]
10.1016/j.chb.2018.04.036,,[]
10.1016/j.ijom.2018.01.005,,[]
10.3390/electronics7090171,,[]
10.1016/j.rehab.2018.07.003,,[]
10.3390/sym10090400,,[]
10.1007/s00024-017-1755-z,,[]
10.1007/s00371-018-1501-2,,[]
10.1109/tvcg.2017.2754257,,[]
10.1109/tro.2009.2028765,,[]
10.1007/s11042-017-5328-z,,[]
10.1145/3230648,Germany,"[{'name': 'Daimler AG and Ulm University, Ulm, Germany'}]"
10.1145/3232678,USA,[{'name': 'Oklahoma State University'}]
10.1017/s1754470x18000090,,[]
10.1371/journal.pone.0200724,,[]
10.1016/j.jocs.2018.05.002,,[]
10.18559/ebr.2018.3.4,,[]
10.1016/j.culher.2018.01.020,,[]
10.1145/3182644,Germany,"[{'name': 'Technical University Munich, Garching, Germany'}]"
10.1364/boe.9.002825,,[]
10.4218/etrij.2017-0166,,[]
10.1142/s1793962318400020,France,"[{'name': 'Computer Science Department, INSA Lyon, 20 avenue Albert Einstein, Villeurbanne, Cedex 69621, France'}]"
10.14257/ijgdc.2018.11.6.09,,[]
10.1007/s10822-018-0123-0,,[]
10.1109/tpc.2018.2804238,,[]
10.1371/journal.pone.0195886,,[]
10.1111/desc.12557,UK,[{'name': 'Department of Psychology
10.1016/j.joms.2017.10.002,,[]
10.1002/cav.1812,Korea,[{'name': 'Korea Research Institute of Ships and Ocean Engineering
10.1002/cav.1830,China,[{'name': "Department of Computer Science and Software Engineering; Xi'an Jiaotong-Liverpool University; Suzhou China"}]
10.1016/j.cag.2017.11.007,,[]
10.1109/tvcg.2018.2793698,,[]
10.1109/tvcg.2018.2794629,,[]
10.1145/3229316.3229320,USA,[{'name': 'Michigan State University'}]
10.1093/comjnl/bxx117,China,"[{'name': 'School of Computer Software, Tianjin University, Peiyang Park Campus: No.135 Yaguan Road, Haihe Education Park, Tianjin 300350,  P.R. China'}]"
10.1016/j.chb.2017.11.033,,[]
10.1016/j.fusengdes.2018.02.031,,[]
10.1007/s10055-017-0313-4,,[]
10.1007/s10055-017-0316-1,,[]
10.5195/ijt.2018.6250,,[]
10.3390/computers7010015,,[]
10.1111/tra.12538,,no match
10.14257/ijgdc.2018.11.2.09,,[]
10.1007/s11036-017-0834-9,,[]
10.1007/s11548-017-1686-2,,[]
10.1109/tvcg.2017.2653117,,[]
10.1364/oe.26.001161,,[]
10.1177/1729881417751545,Czech,"[{'name': 'Department of Robotics, Faculty of Mechanical Engineering, V?B-Technical University of Ostrava, Ostrava, Czech Republic'}]"
10.3788/yjyxs20183301.0085,,[]
10.1089/g4h.2017.0114,Spain,"[{'name': 'Neurorehabilitation and Brain Research Group, Instituto de Investigación e Innovación en Bioingeniería, Universitat Politècnica de València, Valencia, Spain.'}]"
10.1080/21681163.2017.1343687,Australia,"[{'name': 'School of Electrical, Computer and Telecommunications Engineering (SECTE), University of Wollongong, Wollongong, Australia'}]"
10.1080/08824096.2018.1525349,Taiwan,"[{'name': 'Dai-Yun Wu (MA, National Chengchi University, Taiwan, 2012) is a doctoral candidate in the College of Communication at the National Chengchi University, Taiwan.'}, {'name': 'Jih-Hsuan Tammy Lin (PhD, Michigan State University, 2011) is an associate professor in the department of Advertising, College of Communication, Taiwan Institute for Governance and Communication Research, National Chengchi University, Taiwan.'}]"
10.3233/ves-190650,USA,"[{'name': 'Department of Physical Therapy, New York University, Steinhardt School of Culture Education and Human Development, New York, NY, USA'}]"
10.3991/ijoe.v13i08.7371,,[]
10.1108/ils-07-2018-0069,,[]
10.1109/tpc.2018.2804238,Poland,"[{'name': 'Institute of Psychology, University of Wroclaw, Wroclaw, Poland'}]"
10.1162/netn_a_00044,USA,"[{'name': 'Department of Computer Science, University of Illinois at Chicago, Chicago, IL, USA'}, {'name': 'Collaborative Neuroimaging Environment for Connectomics, University of Illinois Chicago, Chicago, IL, USA'}]"
10.1109/access.2018.2864872,,[]
10.1109/tie.2014.2334675,France,"[{'name': 'CEA, IRFM, Saint Paul-lez-Durance, France'}, {'name': 'Aix-Marseille University, CNRS, Institute of Movement Sciences, Marseille, France'}]"
10.18494/sam.2018.1912,,[]
10.1007/s41064-020-00106-z,,[]
10.1007/s10916-020-01550-5,,[]
10.1007/s10055-020-00432-y,,[]
10.1002/pmrj.12206,Korea,"[{'name': 'Department of Rehabilitation MedicineSeoul National University Hospital Seoul Republic of Korea'}, {'name': 'Department of Rehabilitation MedicineIncheon Workers Compensation Hospital Incheon Republic of Korea'}, {'name': 'Department of Rehabilitation Medicine, Asan Medical Center, College of MedicineUniversity of Ulsan Seoul Republic of Korea'}]"
10.1109/tie.2014.2334675,,[]
10.1109/tmm.2019.2933338,,[]
10.1109/tmm.2019.2931807,,[]
10.1016/j.archger.2019.104004,,[]
10.1016/j.ijhcs.2020.102413,,[]
10.1016/j.ijhcs.2020.102414,,[]
10.1007/s10055-019-00401-0,,[]
10.1016/j.chb.2020.106295,,[]
10.3758/s13428-019-01336-9,,[]
10.1007/s00104-020-01188-6,,[]
10.1007/s10639-019-10050-0,,[]
10.1109/mcse.2020.2972822,Australia,[{'name': 'Metro North Hospital and Health ServiceQueensland University of Technology'}]
10.1007/s11042-019-08390-7,,[]
10.1109/tce.2018.2879065,,[]
10.1016/j.isprsjprs.2020.03.007,,[]
10.1109/tvcg.2020.2973473,,[]
10.1109/tvcg.2020.2973498,,[]
10.1109/tvcg.2020.2973442,,[]
10.1109/tvcg.2020.2973075,,[]
10.1109/tvcg.2020.2973441,,[]
10.1109/tvcg.2020.2973053,,[]
10.1007/s00445-020-01376-6,,[]
10.1111/bjet.12946,,[]
10.1002/col.22509,Korea,"[{'name': 'Human Factors Engineering Department, UNIST  Ulsan South Korea'}]"
10.3389/fnins.2020.00357,,[]
10.1007/s10055-020-00433-x,,[]
10.1080/09588221.2020.1752735,Taiwan,"[{'name': 'Department of English, Taipei Municipal HongDao Junior High School, Taipei, Taiwan'}]"
10.1186/s12984-020-00678-2,,[]
10.1007/s10055-020-00440-y,,[]
10.1177/1470412920906260,,[]
10.1007/s11548-020-02126-x,,[]
10.1016/j.apergo.2019.103010,,[]
10.1007/s12262-020-02131-z,,[]
10.3390/app10062026,,[]
10.3390/info11030134,,[]
10.1109/tbme.2009.2028013,,[]
10.3390/app10051668,,[]
10.1163/22134808-20201445,Czech,"[{'name': 'Third Faculty of Medicine, Charles University, Ruská 87, Prague 10, 100 00, Czech Republic'}, {'name': 'Center for Neuroscience, University of California, Davis, 1 Shields Ave, Davis, CA\xa095618,\xa0USA'}]"
10.1007/s10846-019-01054-6,,[]
10.1016/j.jhtm.2020.02.003,,[]
10.1007/s00464-019-06862-3,,[]
10.3837/tiis.2020.02.020,,no match
10.1007/s41064-020-00091-3,,[]
10.1007/s10055-019-00411-y,,[]
10.1002/cav.1920,China,[{'name': 'State Key Lab of CAD&amp
10.3389/frobt.2020.00020,,[]
10.1089/g4h.2019.0102,China,"[{'name': ""Department of Computer Science and Software Engineering, Xi'an Jiaotong-Liverpool University, Suzhou, China.""}]"
10.1007/s00779-020-01373-8,,[]
10.1016/j.buildenv.2019.106544,,[]
10.3390/app10041427,,[]
10.3390/s20041204,,[]
10.1016/j.encep.2019.09.002,,[]
10.1007/s11042-019-7331-z,,[]
10.1016/j.actpsy.2019.102987,,[]
10.1016/j.tra.2019.11.008,,[]
10.1016/j.ajo.2019.10.006,,[]
10.3389/frobt.2020.00004,,[]
10.3389/fpsyg.2020.00035,,[]
10.1364/oe.382804,,[]
10.1109/access.2020.2988678,,[]
10.1109/access.2020.2983608,,[]
10.37190/abb-01490-2019-03,,[]
10.1109/access.2020.2972122,,[]
10.1109/access.2020.2970921,,[]
10.1109/access.2020.2977688,,[]
10.1109/toh.2020.2965937,,[]
10.3390/sym12010053,,[]
10.6017/ital.v39i1.11369,,[]
10.18261/issn.1892-2686-2020-01-02,,[]
10.1016/j.displa.2019.08.004,,[]
10.1109/tbme.2009.2028013,Taiwan,[{'name': 'National Taiwan University'}]
10.1109/tvcg.2019.2934395,,[]
10.1016/j.buildenv.2019.106423,,[]
10.1016/j.compedu.2019.103707,,[]
10.3389/fmed.2019.00287,,[]
10.1145/3362101,Belgium,"[{'name': 'IDLab, Department of Information Technology, Ghent University-imec, Ghent, Belgium'}]"
10.3390/info10120386,,[]
10.1016/j.cag.2019.09.005,,[]
10.1177/1550147719894533,Korea,"[{'name': 'Department of Electronic Engineering, Kwangwoon University, Seoul, South Korea'}]"
10.1016/j.janxdis.2019.102147,,[]
10.1177/0018720819836343,Netherlands,"[{'name': 'Delft University of Technology, the Netherlands'}]"
10.1007/s10055-018-0345-4,,[]
10.1177/0735633119854030,Turkey,"[{'name': 'Department of Computer Education and Instructional Technology, Fatih Faculty of Education, Trabzon University, Trabzon, Turkey'}]"
10.1109/tbc.2018.2811627,,[]
10.1038/s41586-019-1687-0,,[]
10.1186/s12938-019-0731-5,,[]
10.1016/j.neuron.2019.08.012,,[]
10.2352/j.imagingsci.technol.2019.63.6.060409,,[]
10.1145/3355089.3356530,Germany,[{'name': 'Max-Planck-Institut für Informatik'}]
10.1145/3355089.3356490,USA,[{'name': 'Stony Brook University'}]
10.1145/3355089.3356557,USA,[{'name': 'Facebook Reality Labs'}]
10.1145/3355089.3356517,USA,[{'name': 'Stanford University'}]
10.1145/3355089.3356552,UK,[{'name': 'University of Cambridge'}]
10.1109/jbhi.2019.2892485,,[]
10.3390/app9214652,,[]
10.1109/tvcg.2019.2932239,,[]
10.1109/tvcg.2019.2932215,,[]
10.1109/tvcg.2019.2932173,,[]
10.3389/frobt.2019.00104,,[]
10.1002/adom.201901360,USA,[{'name': 'CREOLThe College of Optics and PhotonicsUniversity of Central Florida Orlando FL 32816 USA'}]
10.3758/s13428-019-01310-5,,[]
10.3389/fmars.2019.00644,,[]
10.3389/fneur.2019.01061,,[]
10.1109/tbc.2018.2811627,Italia,"[{'name': 'Human?Computer Interaction Lab (HCI Lab), Department of Mathematics, Computer Science, and Physics, University of Udine, Udine, Italy'}]"
10.1016/j.humov.2019.102515,,[]
10.1249/mss.0000000000002016,,[]
10.1177/0031512519857869,Japan,"[{'name': 'Graduate School of Human Science, Waseda University, Tokyo, Japan'}]"
10.1016/j.neuroimage.2019.06.010,,[]
10.1145/3329119,Taiwan,"[{'name': 'National Tsing Hua University, Hsin-Chu City, Taiwan'}]"
10.1142/s1793351x19400166,Norway,"[{'name': 'ForzaSys AS, Norway'}]"
10.1016/j.buildenv.2019.106278,,[]
10.1109/mce.2019.2923934,,[]
10.1007/s00415-019-09370-5,,[]
10.1097/phm.0000000000001190,,[]
10.1016/j.landurbplan.2019.05.006,,[]
10.3138/cjfs.28.1.2019-0012,Canada,[{'name': 'Université de Montréal'}]
10.3390/app9163384,,[]
10.1145/3335053,Finland,"[{'name': 'Nokia Technologies, Tampere, Finland'}]"
10.1080/0144929x.2019.1641228,Norway,"[{'name': 'Department of Computer Science, Faculty of Information Technology and Electrical Engineering, Norwegian University of Science and Technology, Trondheim, Norway'}]"
10.1111/sms.13453,UK,[{'name': 'Department of Life Sciences Brunel University London Uxbridge UK'}]
10.1111/ejn.14499,UK,[{'name': 'Department of Psychology Royal Holloway University of London Egham UK'}]
10.3390/s19143063,,[]
10.3390/su11143894,,[]
10.1021/acs.jchemed.8b00905,UK,"[{'name': 'School of Pharmacy, University of East Anglia, Norwich Research Park, Norwich NR4 7TJ, United Kingdom'}]"
10.1016/j.appdev.2019.101052,,[]
10.1109/tase.2019.2945607,,no match
10.1109/tase.2019.2945607,,[]
10.3390/computers8020039,,[]
10.1038/s41433-019-0356-8,,[]
10.1007/s00170-018-03237-1,,[]
10.1007/s10055-018-0370-3,,[]
10.1016/j.cognition.2019.03.003,,[]
10.1109/mcg.2019.2936753,Spain,"[{'name': 'Department of Marketing Management and Market Research, University of Zaragoza, Zaragoza, Spain'}]"
10.3389/fpubh.2019.00116,,[]
10.1093/pm/pny269,Japan,"[{'name': 'Graduate School of Health Science, Kio University, Nara, Japan'}, {'name': 'Neurorehabilitation Research Center, Kio University, Nara, Japan'}]"
10.1002/cav.1882,Taiwan,[{'name': 'College of Computer ScienceNational Chiao Tung University Hsinchu Taiwan'}]
10.1111/cgf.13654,UK,[{'name': 'Durham University  United Kingdom'}]
10.3390/app9091919,,[]
10.1007/s10339-019-00903-4,,[]
10.1109/tdsc.2018.2800048,,[]
10.1109/tvcg.2019.2898736,,[]
10.1109/tvcg.2019.2898763,,[]
10.1109/mcg.2019.2936753,,[]
10.1080/10447318.2018.1484054,Korea,"[{'name': 'Department of Industrial and Management Engineering, Incheon National University (INU), Yeonsu-gu, Incheon, Republic of Korea'}]"
10.30773/pi.2019.02.08,,[]
10.1109/jproc.2019.2894817,,[]
10.1016/j.learninstruc.2017.12.007,,[]
10.1016/j.socec.2019.02.007,,[]
10.3390/app9061182,,[]
10.1186/s40691-018-0166-9,,[]
10.1093/iwc/iwz018,Spain,"[{'name': 'Instituto de Investigación e Innovación en Bioingeniería, Universitat Politècnica de València, València, Spain'}]"
10.1016/j.foodres.2018.01.028,,[]
10.1109/jetcas.2019.2898750,,[]
10.1109/mcg.2019.2915717,,[]
10.2196/11517,,[]
10.1364/ao.58.000a74,,[]
10.1016/j.jvcir.2019.01.012,,[]
10.1109/mcg.2018.2875609,USA,"[{'name': 'Virtual Reality Medical Center, San Diego, California.'}]"
10.3758/s13428-018-1116-6,,[]
10.1016/j.actpsy.2018.12.005,,[]
10.1109/mcg.2018.2875609,,[]
10.1089/cyber.2019.0206,USA,[{'name': 'University of Notre Dame USA'}]
10.1016/j.jstrokecerebrovasdis.2018.10.018,,[]
10.3389/fnhum.2018.00504,,[]
10.1007/978-3-030-03635-5_13,,[]
10.16910/jemr.12.8.1,,[]
10.1109/access.2019.2940073,,[]
10.1155/2019/9680697,Korea,"[{'name': 'Department of Biomedical Engineering, Hanyang University, 222 Wangsimni-ro, Seongdong-gu, Seoul 04763, Republic of Korea'}]"
10.1109/access.2019.2921880,,[]
10.1080/15980316.2019.1606859,Turkey,"[{'name': 'Optical Microsystems Laboratory, Koc University, Istanbul, Turkey'}]"
10.1250/ast.40.265,Japan,[{'name': 'Tokyo University of Science'}]
10.1080/15980316.2019.1572662,Korea,"[{'name': 'School of Chemical Engineering, Sungkyunkwan University, Gyeonggi-do, Republic of Korea'}]"
10.1109/access.2019.2910737,,[]
10.1117/1.jei.28.1.013019,Tunisia,"[{'name': 'University of Sfax, National School of Engineering, Laboratory of Electronics and Information Techno'}]"
10.3390/ijgi8010003,,[]
10.1177/0269215518788598,Italia,"[{'name': 'Department of Clinical Sciences and Translational Medicine, University of Rome ?Tor Vergata,? Rome, Italy'}]"
10.1364/oe.26.034142,,[]
10.1162/pres_a_00318,Germany,"[{'name': 'University of Augsburg Augsburg, Germany'}, {'name': 'BMW Group Munich, Germany'}]"
10.1016/j.cag.2018.10.006,,[]
10.1109/tvcg.2017.2778249,,[]
10.7717/peerj.5847,France,"[{'name': 'Centre d?Expertise de la Performance, U1093 INSERM, Université de Bourgogne, Dijon, France'}]"
10.1089/cyber.2018.0027,France,[{'name': 'Coburg University of Applied Sciences and Arts'}]
10.1016/j.actpsy.2018.09.009,,[]
10.1002/jsid.734,,no match
10.1016/j.cag.2018.07.007,,[]
10.17973/mmsj.2018_11_2017100,,[]
10.1016/j.image.2018.05.010,,[]
10.7717/peerj.5844,Italia,"[{'name': 'Department of Life Sciences, Psychology Unit ?Gaetano Kanizsa?, University of Trieste, Trieste, Italy'}]"
10.3389/fnhum.2018.00420,,[]
10.3389/fpsyg.2018.01901,,[]
10.1145/3238303,Germany,"[{'name': 'TU Braunschweig, Germany'}]"
10.1145/3238301,Germany,"[{'name': 'Hochschule Bonn-Rhein-Sieg and Saarland University, Sankt Augustin, Germany'}]"
10.1002/jsid.708,Japan,[{'name': 'Japan Display Inc. Tokyo Japan'}]
10.1109/lra.2018.2864359,,[]
10.3390/s18092832,,[]
10.1002/cav.1805,China,[{'name': 'Shanghai Institute of Microsystem and Information
10.1016/j.concog.2018.05.005,,[]
10.1167/18.9.1,USA,"[{'name': 'Optometry & Vision Science, University of California, Berkeley, Berkeley, CA, USA'}, {'name': 'steven.cholewiak@berkeley.eduhttp://steven.cholewiak.com'}]"
10.1111/psyp.13090,USA,"[{'name': 'Center for NeuroscienceUniversity of CaliforniaDavis'}, {'name': 'Department of PsychologyUniversity of CaliforniaDavis'}]"
10.1145/3209661,USA,"[{'name': 'The University of Texas at Dallas, Richardson, TX U.S.A'}]"
10.1145/3205864,USA,"[{'name': 'University of California, San Diego, La Jolla, CA USA'}]"
10.1145/3197517.3201335,Germany,"[{'name': 'University of Hamburg, Germany'}]"
10.1162/leon_a_01641,Canada,"[{'name': 'OCAD University, Toronto, Canada,'}]"
10.1167/tvst.7.4.2,Switzerland,"[{'name': 'OCTlab, Department of Ophthalmology, University Hospital Basel, Basel, Switzerland'}, {'name': 'Moorfields Eye Hospital, London, UK'}, {'name': 'Department of Ophthalmology, University of Basel, Basel, Switzerland'}]"
10.1017/pasa.2018.19,,[]
10.1016/j.ijhcs.2018.02.003,,[]
10.1016/j.ecns.2018.03.001,,[]
10.1177/1553350618761756,Germany,"[{'name': 'University Medicine of the Johannes Gutenberg-University, Mainz, Germany'}]"
10.1089/cyber.2018.0027,Japan,"[{'name': 'Department of Physical Medicine and Rehabilitation, Tohoku University Graduate School of Medicine, Sendai, Japan.'}]"
10.1002/cae.21915,China,[{'name': 'College of Civil Engineering
10.1002/jsid.658,USA,[{'name': 'Google LLC
10.3928/23258160-20180501-08,,[]
10.1002/cav.1838,USA,[{'name': 'Disney Research Los Angeles
10.1109/tvcg.2018.2794639,,[]
10.1109/tvcg.2018.2794119,,[]
10.1109/tvcg.2018.2794071,,[]
10.1109/tvcg.2018.2793038,,[]
10.1364/josaa.35.00b130,,[]
10.1109/thms.2017.2782490,,[]
10.1371/journal.pone.0194137,,[]
10.1097/01.nep.0000000000000258,,[]
10.1089/cyber.2017.0714,China,"[{'name': ""State Key Laboratory of Integrated Services Networks, Xidian UniversityNo. 2 South Taibai RoadXi'an710071People's Republic of China""}]"
10.1364/oe.26.004863,,[]
10.3389/fneur.2018.00067,,[]
10.3389/fneur.2018.00048,,[]
10.1002/jsid.638,Korea,[{'name': 'Hanyang University
10.1016/j.jenvp.2018.01.001,,[]
10.1007/s12008-017-0377-0,,[]
10.1109/tvcg.2017.2658570,,[]
10.3389/fpsyg.2017.02321,,[]
10.1371/journal.pone.0189275,,[]
10.1080/15420353.2018.1498427,USA,"[{'name': 'ChoroPhronesis, Department of Geography, Pennsylvania State University, University Park, Pennsylvania, USA'}]"
10.3991/ijoe.v14i05.7788,,[]
10.1080/17503280.2018.1503859,New Zealand,"[{'name': 'Film Programme, Victoria University of Wellington, Wellington, New Zealand'}]"
10.1080/17571472.2018.1483000,HongKong,"[{'name': 'Centre for Innovative Applications of Internet and Multimedia Technologies AIMTech Centre, City University of Hong Kong, Kowloon, Hong Kong'}]"
10.1155/2018/2585797,Korea,"[{'name': 'School of Computer Science and Engineering, Chung-Ang University, Seoul, Republic of Korea'}]"
10.3991/ijoe.v14i03.8112,,[]
10.1155/2018/4798359,Romania,"[{'name': 'Computer Engineering Department, ?Gheorghe Asachi? Technical University of Iasi, Iasi, Romania'}]"
10.1109/toh.2017.2741488,,[]
10.3103/s1068335618010049,,[]
10.1016/j.displa.2018.01.002,,[]
10.1016/j.autcon.2017.10.009,,[]
10.1007/s11277-017-4954-0,,[]
10.1111/jspn.12201,Poland,[{'name': 'Institute of Psychology
10.1038/s41598-017-18289-8,,[]
10.1109/jsen.2017.2762704,,[]
10.1371/journal.pone.0187220,,[]
10.3390/technologies5040077,,[]
10.1109/jsyst.2015.2410533,,[]
10.1097/mrr.0000000000000244,,[]
10.1038/s41598-017-16316-2,,[]
10.1371/journal.pone.0187777,,[]
10.26687/archnet-ijar.v11i3.1395,,[]
10.1016/j.fusengdes.2017.03.131,,[]
10.2352/j.imagingsci.technol.2017.61.6.060406,,[]
10.1109/tvcg.2017.2735098,,[]
10.1007/s00104-017-0465-5,,[]
10.1007/s00464-017-5500-6,,[]
10.1016/j.cmpb.2017.08.008,,[]
10.1145/3106155,Iowa,"[{'name': 'Iowa State University, Stange Road, Ames, IA'}]"
10.1002/ase.1696,Australia,[{'name': 'Faculty of Health Sciences and Medicine
10.1097/sla.0000000000002448,,[]
10.1016/j.apergo.2017.03.007,,[]
10.1212/wnl.0000000000004585,,[]
10.1038/s41598-017-13153-1,,[]
10.1038/lsa.2017.81,,[]
10.20965/jdr.2017.p0882,,[]
10.1089/cyber.2017.0714,Netherlands,"[{'name': 'University College Roosevelt (Utrecht University), Academic Core Department, Middelburg, the Netherlands.'}, {'name': 'NHTV University of Applied Sciences, Academy for Digital Entertainment, Breda, the Netherlands.'}]"
10.1002/alr.21986,USA,[{'name': 'Department of Otolaryngology
10.3389/fnhum.2017.00477,,[]
10.3389/fpsyg.2017.01611,,[]
10.3389/frobt.2017.00042,,[]
10.17083/ijsg.v4i3.178,,[]
10.1002/cav.1727,UK,[{'name': 'National Centre for Computer Animation
10.1007/s00464-016-5379-7,,[]
10.1007/s00006-016-0689-3,,[]
10.1109/tnsre.2016.2626391,,[]
10.1167/17.9.11,UK,"[{'name': 'School of Psychology and Clinical Language Sciences, University of Reading, Reading, United Kingdome.l.gootjes-dreesbach@reading.ac.uk'}]"
10.1109/tvcg.2016.2601607,,[]
10.1109/tvcg.2016.2586071,,[]
10.1145/3072959.3073645,USA,[{'name': 'Facebook Inc.'}]
10.1016/j.ijmst.2017.05.005,,[]
10.3813/aaa.919086,,[]
10.1016/j.displa.2017.01.002,,[]
10.1145/3072959.3073624,USA,[{'name': 'Microsoft Research'}]
10.1186/s12886-017-0501-8,,[]
10.1016/j.entcom.2017.04.004,,[]
10.1007/s12193-016-0236-5,,[]
10.1007/s00221-017-4929-0,,[]
10.1177/2041669517708205,Germany,"[{'name': 'Institute for Psychology, University of Muenster, Germany'}]"
10.3390/s17051112,,[]
10.1109/tvcg.2016.2527649,,[]
10.1089/cyber.2017.0499,Turkey,"[{'name': 'Computer Engineering Department, Trakya University, Edirne, Turkey'}]"
10.1177/2049463717698349,Australia,"[{'name': 'Recover Injury Research Centre, Menzies Health Institute Queensland, Griffith University, Southport, QLD, Australia'}]"
10.1111/ejn.13545,Italia,[{'name': 'Fondazione Santa Lucia
10.1016/j.ijhcs.2017.01.002,,[]
10.1109/jproc.2017.2648796,,[]
10.1038/srep45469,,[]
10.7358/neur-2017-021-lean,,[]
10.1109/tvcg.2017.2656979,,[]
10.1109/tvcg.2017.2657238,,[]
10.1109/tvcg.2017.2657139,,[]
10.1109/tvcg.2017.2656958,,[]
10.1371/journal.pone.0173972,,[]
10.3389/frobt.2017.00011,,[]
10.7776/ask.2017.36.2.130,,[]
10.1007/s10055-016-0296-6,,[]
10.1007/s00221-016-4846-7,,[]
10.1016/j.autneu.2016.12.004,,[]
10.3389/fnhum.2017.00079,,[]
10.1186/s12984-017-0225-2,,[]
10.3389/frobt.2017.00003,,[]
10.15675/gepros.v12i1.1605,,[]
10.1088/1748-3190/12/1/014001,,[]
10.1109/thms.2016.2611824,,[]
10.1089/cyber.2017.0499,,[]
10.1080/01691864.2016.1264885,Japan,"[{'name': 'Principles of Informatics Research Division, National Institute of Informatics, Tokyo, Japan.'}, {'name': 'Department of Informatics, SOKENDAI (The Graduate University for Advanced Studies), Tokyo, Japan.'}]"
10.1016/j.apergo.2016.06.014,,[]
10.14742/ajet.3840,,[]
10.1016/j.displa.2016.11.001,,[]
10.1080/13682199.2017.1355090,Korea,"[{'name': 'Department of Computer Engineering, Hanyang University, Seoul, Korea'}]"
10.1080/14606925.2017.1352966,USA,[{'name': 'Iowa State University'}]
10.1080/10749357.2017.1351069,Japan,"[{'name': 'Research Institute for Science and Engineering, Waseda University, Tokyo, Japan'}]"
10.16910/jemr.10.5.2,,[]
10.11621/pir.2017.0310,,[]
10.2147/cia.s141251,,[]
10.5937/fmet1702205s,,[]
10.3991/ijet.v12i05.6766,,[]
10.1080/17483107.2016.1176259,New Zealand,"[{'name': 'Burwood Academy of Independent Living (BAIL), Christchurch, New Zealand"
10.1016/j.culher.2016.09.003,,[]
10.1002/ejp.910,Japan,[{'name': 'Neurorehabilitation Research Center
10.6035/2174-0992.2017.13.12,,[]
10.1016/j.apergo.2016.05.003,,[]
10.1371/journal.pone.0167523,,[]
10.3389/frobt.2016.00074,,[]
10.1109/jdt.2016.2617889,,[]
10.1115/1.4033230,Italia,"[{'name': 'Department of Mechanical Engineering, Politecnico di Milano, Via La Masa 1, Milano 20156, Italy'}]"
10.1038/srep37016,,[]
10.1145/2980179.2980252,USA,[{'name': 'University of Southern California and Pinscreen'}]
10.1145/2980179.2980246,USA,[{'name': 'NVIDIA'}]
10.1007/s10055-016-0292-x,,[]
10.1007/s10055-016-0295-7,,[]
10.1145/2983530,UK,"[{'name': 'University of Glasgow, UK'}]"
10.1007/s11528-016-0085-9,,[]
10.3389/fpsyg.2016.01649,,[]
10.1088/1741-2560/13/5/056006,,[]
10.1089/cyber.2017.0174,Germany,"[{'name': 'Bonn-Rhein-Sieg University of Applied Sciences'}, {'name': 'Saarland University'}]"
10.1016/j.cmpb.2016.07.026,,[]
10.1089/cyber.2017.0174,New Zealand,"[{'name': 'Centre for Learning and Teaching, Auckland University of Technology, Auckland, New Zealand'}]"
10.1007/s11042-016-3520-1,,[]
10.3390/sym8090093,,[]
10.1007/s10055-016-0287-7,,[]
10.1007/s10055-016-0288-6,,[]
10.1364/ao.55.006969,,[]
10.1162/comj_a_00372,Denmark,"[{'name': 'Multisensory Experience Lab Aalborg University Copenhagen A.C. Meyers Vænge 15\t2450 Copenhagen, Denmark'}]"
10.1016/j.displa.2016.07.002,,[]
10.1007/s10803-016-2830-5,,[]
10.3788/col201614.080901,,[]
10.1186/s12984-016-0174-1,,[]
10.1145/2971320,Sweden,"[{'name': 'Swedish National Road and Transport Research Institute (VTI), Linköping, Sweden'}]"
10.1007/s40299-016-0293-2,,[]
10.3389/frobt.2016.00043,,[]
10.2196/games.5526,,[]
10.1145/2897824.2925883,USA,[{'name': 'Stony Brook University'}]
10.2196/games.6476,,[]
10.1587/transinf.2016edl8028,Korea,"[{'name': 'School of Computer Science and Engineering, Chung-Ang University'}]"
10.1007/s00586-016-4388-5,,[]
10.1016/j.gaitpost.2016.06.010,,[]
10.1109/tvcg.2016.2520921,,[]
10.1109/tvcg.2015.2473855,,[]
10.3928/01913913-20160511-01,,[]
10.1089/cyber.2015.0130,,[]
10.1007/s10916-016-0475-8,,[]
10.1088/1741-2560/13/2/026022,,[]
10.1016/j.jmgm.2016.02.009,,[]
10.1109/tvcg.2016.2518137,,[]
10.1109/tvcg.2016.2518298,,[]
10.1109/tvcg.2016.2518098,,[]
10.1109/tvcg.2016.2518079,,[]
10.1109/tvcg.2016.2518135,,[]
10.1002/cav.1633,Korea,[{'name': 'Virtual Reality Research Lab.
10.1007/s00464-015-4278-7,,[]
10.1089/cyber.2015.0130,Portugal,"[{'name': 'COPELABS, Lusophone University, Lisbon, Portugal.'}, {'name': 'School of Psychology and Life Sciences, Lusophone University, Lisbon, Portugal.'}, {'name': 'Instituto Universitário de Lisboa (ISCTE-IUL), Cis-IUL, Lisbon, Portugal.'}, {'name': 'Centro de Investigação de Psicologia do ISMAT, Portimão, Portugal.'}, {'name': 'GIINCO?Grupo Internacional de Investigación Neuro-Conductual, Barranquilla, Colombia.'}]"
10.1016/j.entcom.2016.01.001,,[]
10.1098/rsos.150567,,[]
10.3389/fpsyg.2016.00268,,[]
10.1371/journal.pone.0148060,,[]
10.1585/pfr.11.2406060,Japan,[{'name': 'Konan University'}]
10.16910/jemr.9.6.4,,[]
10.1007/978-3-319-28722-5_10,,[]
10.1089/cyber.2014.0058,Saudi Arabia,"[{'name': 'Department of Computer Science, Faculty of Computing and Information Technology, King Abdulaziz University, Jeddah, Saudi Arabia'}, {'name': 'Department of Computer Science, College of Engineering, Effat University, Jeddah, Saudi Arabia'}]"
10.1109/jtehm.2016.2623787,,[]
10.1080/19439962.2015.1046621,Sweden,"[{'name': 'Department of Fire Safety Engineering, Lund University, Lund, Sweden'}]"
10.1089/cyber.2014.0058,,[]
10.1089/cyber.2009.0263,,[]
10.1089/cpb.2009.0118,UK,"[{'name': 'Department of Education and Childhood, The University of the West of England, Bristol, United Kingdom.'}]"
10.1089/cpb.2009.0118,,[]
10.1089/cpb.2008.0003,,[]
10.1089/cyber.2020.29183.gri,Italia,"[{'name': 'Applied Technology for Neuro-Psychology Lab, IRCCS Istituto Auxologico Italiano, Milan, Italy.'}, {'name': 'Department of Psychology, Università Cattolica del Sacro Cuore, Milan, Italy.'}]"
10.1089/cpb.2007.9996,,[]
10.1089/cpb.2007.0116,Poland,"[{'name': 'Institute of Psychology, University of Wroclaw, Wroclaw, Poland'}]"
10.1089/cpb.2007.0116,Spain,"[{'name': 'Department of Marketing Management and Market Research, University of Zaragoza, Zaragoza, Spain'}]"
10.1089/cpb.2006.9.591,France,"[{'name': 'CEA, IRFM, Saint Paul-lez-Durance, France'}, {'name': 'Aix-Marseille University, CNRS, Institute of Movement Sciences, Marseille, France'}]"
10.1080/13527266.2019.1671480,USA,"[{'name': 'Marketing Department, University of Illinois at Urbana-Champaign, Champaign, IL, USA'}]"
10.1089/cpb.2006.9.591,,[]
10.1108/jbim-12-2018-0407,,[]
10.1089/cpb.2006.9.388,Italia,"[{'name': 'DIMIE, Università della Basilicata, Potenza, Italy'}]"
10.1089/cpb.2006.9.388,,[]
10.1111/cgf.13757,,no match
10.1089/cpb.2006.9.207,,[]
10.1089/cpb.2006.9.137,Italia,"[{'name': 'Human?Computer Interaction Lab (HCI Lab), Department of Mathematics, Computer Science, and Physics, University of Udine, Udine, Italy'}]"
10.1089/cpb.2006.9.137,Germany,"[{'name': 'Bonn-Rhein-Sieg University of Applied Sciences'}, {'name': 'Saarland University'}]"
10.1049/iet-ipr.2018.5920,USA,[{'name': 'Computer Science DepartmentUniversity of North DakotaGrand ForksNorth DakotaUSA'}]
10.1109/mcg.2018.111125628,Denmark,[{'name': 'Aalborg University Copenhagen'}]
10.1089/109493103769710505,Canada,"[{'name': 'McMaster University, Canada'}, {'name': 'University of British Columbia, Canada'}]"
10.1089/109493103769710505,,[]
10.1089/109493103322011605,,[]
10.1089/109493103322011542,Germany,[{'name': 'Coburg University of Applied Sciences and Arts'}]
10.1089/109493103322011542,,[]
10.1109/mcg.2018.2884272,Spain,[{'name': 'Centro Universitario de Tecnolog&#x00ED
10.1089/109493102753770516,France,"[{'name': 'Laboratoire d?Informatique de l?Université du Mans (LIUM EA4023), Le Mans Université, Le Mans Cedex 9, France'}]"
10.1089/109493102753770516,Italia,"[{'name': 'Università degli Studi di Genova, Italy'}]"
10.1089/109493101300117910,Taiwan,[{'name': 'National Taiwan University'}]
10.1089/109493101300117910,,[]
10.1089/10949310050078940,,[]
10.22430/21457778.1213,,[]
10.1109/tcsvt.2019.2953827,,[]
10.1080/10548408.2019.1618781,Japan,"[{'name': 'Department of Physical Medicine and Rehabilitation, Tohoku University Graduate School of Medicine, Sendai, Japan.'}]"
10.1080/10548408.2019.1618781,Saudi Arabia,"[{'name': 'Department of Computer Science, Faculty of Computing and Information Technology, King Abdulaziz University, Jeddah, Saudi Arabia'}, {'name': 'Department of Computer Science, College of Engineering, Effat University, Jeddah, Saudi Arabia'}]"
10.1080/10447318.2018.1541546,,no match
10.1080/10447318.2018.1541546,Portugal,"[{'name': 'COPELABS, Lusophone University, Lisbon, Portugal.'}, {'name': 'School of Psychology and Life Sciences, Lusophone University, Lisbon, Portugal.'}, {'name': 'Instituto Universitário de Lisboa (ISCTE-IUL), Cis-IUL, Lisbon, Portugal.'}, {'name': 'Centro de Investigação de Psicologia do ISMAT, Portimão, Portugal.'}, {'name': 'GIINCO?Grupo Internacional de Investigación Neuro-Conductual, Barranquilla, Colombia.'}]"
10.18280/isi.240310,,[]
10.1080/10447318.2018.1519164,China,[{'name': 'Southeast University'}]
10.1109/mcom.001.1800876,,[]
10.1109/mcg.2018.021951628,USA,[{'name': 'NextGen Interactions'}]
10.1080/10447318.2018.1429061,Mexico,"[{'name': 'School of Medicine, Universidad Panamericana, Mexico City, Mexico.'}, {'name': 'Department of Surgery, Clínica Pisanty, ISSSTE, Mexico City, Mexico.'}]"
10.1080/10447318.2018.1429061,USA,[{'name': 'University of Notre Dame USA'}]
10.1080/10447318.2017.1412144,China,"[{'name': ""State Key Laboratory of Integrated Services Networks, Xidian UniversityNo. 2 South Taibai RoadXi'an710071People's Republic of China""}]"
10.1080/10447318.2017.1412144,,[]
10.1080/10447318.2017.1411665,Turkey,"[{'name': 'Computer Engineering Department, Trakya University, Edirne, Turkey'}]"
10.1080/07370024.2018.1469408,South Alabama,[{'name': 'The University of South Alabama'}]
10.1016/j.cie.2018.11.060,,[]
10.1111/cgf.12956,Germany,[{'name': 'TU Braunschweig
10.1080/10447318.2017.1411665,New Zealand,"[{'name': 'Centre for Learning and Teaching, Auckland University of Technology, Auckland, New Zealand'}]"
10.1080/16864360.2016.1273584,Italia,"[{'name': 'Università degli Studi di Bergamo, Italy'}]"
10.1080/10447318.2015.1039909,Netherlands,"[{'name': 'University College Roosevelt (Utrecht University), Academic Core Department, Middelburg, the Netherlands.'}, {'name': 'NHTV University of Applied Sciences, Academy for Digital Entertainment, Breda, the Netherlands.'}]"
10.1109/tmi.2019.2926501,,[]
10.1080/10447318.2015.1039909,,[]
10.1080/07421222.2019.1628889,,[]
10.1080/07421222.2019.1628889,USA,"[{'name': 'Virtual Reality Medical Center, San Diego, California.'}]"
10.1080/07370024.2016.1243478,,[]
10.1016/j.jclepro.2019.117805,,[]
10.1109/mcg.2017.2801407,Spain,[{'name': 'University of Barcelona'}]
10.1016/j.iccn.2020.102849,,[]
10.1007/s11227-018-2615-z,,[]
10.1007/s10055-020-00449-3,,[]
10.1007/s11042-020-09026-x,,[]
10.1186/s12886-020-01471-4,,[]
10.1177/1937586720924787,USA,"[{'name': 'Center for Health Facilities Design and Testing, School of Architecture, Clemson University, SC, USA'}]"
10.1080/17483107.2020.1765419,USA,"[{'name': 'Department of Physical Therapy, Steinhardt School of Culture, Education and Human Development, New York University, New York, NY, USA'}]"
10.3390/su12093823,,[]
10.3390/app10093012,,[]
10.3390/app10093182,,[]
10.1177/2055668320913770,Canada,"[{'name': 'Department of Systems Design Engineering, University of Waterloo, Ontario, Canada'}]"
10.1016/j.cag.2020.03.006,,[]
10.1371/journal.pone.0231152,,[]
10.1371/journal.pone.0223631,,[]
10.3390/s20071917,,[]
10.3390/s20082208,,[]
10.3390/s20082168,,[]
10.3390/s20082264,,[]
10.1371/journal.pone.0230042,,[]
10.32604/cmc.2020.09930,,[]
10.1371/journal.pone.0225972,,[]
10.3389/frobt.2019.00084,,[]
10.1016/j.bjoms.2018.04.002,,[]
10.1016/b978-0-12-809481-5.00009-2,,[]
10.1587/transinf.2015edp7165,USA,[{'name': 'College of Computer and Control Engineering'}]
10.3762/bjnano.6.220,,[]
10.1021/acs.jcim.5b00544,Sweden,"[{'name': 'Department\rof Medicinal Chemistry, CVMD iMed, AstraZeneca, S-43183 Mölndal, Sweden'}]"
10.1007/s10055-015-0270-8,,[]
10.1016/j.physbeh.2015.08.043,,[]
10.1080/00222895.2015.1015674,,[]
10.1145/2766939,USA,[{'name': 'University of Southern California'}]
10.1016/j.chb.2015.01.065,,[]
10.3389/fneur.2015.00164,,[]
10.3389/fnins.2015.00207,,[]
10.1007/s10055-015-0260-x,,[]
10.1088/1741-2560/12/3/036001,,[]
10.3389/fpsyg.2015.00713,,[]
10.1016/j.cag.2015.02.007,,[]
10.1364/ao.54.003422,,[]
10.1145/2720020,USA,"[{'name': 'Vanderbilt University, Nashville, TN'}]"
10.1016/j.math.2014.10.002,,[]
10.1109/tvcg.2015.2391858,,[]
10.1109/tvcg.2015.2391860,,[]
10.1109/tvcg.2015.2391853,,[]
10.3389/fpsyg.2015.00248,,[]
10.3758/s13428-014-0463-1,,[]
10.1145/2699254,Germany,"[{'name': 'Max Planck Institute for Biological Cybernetics, Germany'}]"
10.1016/j.jbiomech.2015.01.005,,[]
10.1016/j.ssci.2014.09.017,,[]
10.17759/exppsy.2015080205,Russia,[{'name': 'Lomonosov Moscow State University'}]
10.1080/0144929x.2016.1264483,,[]
10.1068/p7929,USA,"[{'name': 'Department of Psychology, University of Dayton, 300 College Park, Dayton, OH 45469, USA'}]"
10.3109/17483107.2014.889230,,[]
10.1016/j.ijhcs.2014.09.002,,[]
10.1007/s10055-014-0248-y,,[]
10.1007/s10055-014-0249-x,,[]
10.1109/mpul.2014.2355298,,[]
10.1115/1.4027114,Canada,"[{'name': ""Department of Electrical and Computer Engineering, Room E2-390, Engineering and Information Technology Complex, University of Manitoba, 75 Chancellor's Circle, Winnipeg, MB R3T 5V6, Canada""}]"
10.3758/s13428-013-0412-4,,[]
10.1037/a0036240,,[]
10.1002/jsid.269,Taiwan,[{'name': 'National Taiwan University of Science and Technology
10.1080/0144929x.2016.1212931,USA,"[{'name': 'Human Photonics Laboratory, Mechanical Engineering, University of Washington, Seattle, Washington.'}, {'name': 'Psychiatry, Shriners Hospitals for Children, Galveston, Texas.'}]"
10.7717/peerj.337,Netherlands,"[{'name': 'Department of Clinical Psychology, University of Amsterdam, Amsterdam, The Netherlands'}]"
10.1109/tvcg.2014.18,,[]
10.4103/1673-5374.131612,,[]
10.1186/1471-2105-15-56,,[]
10.1155/2014/206082,USA,"[{'name': 'BioFormatix, Inc., P.O. Box 721450, San Diego, CA 92172, USA'}]"
10.3389/fpsyg.2013.00946,,[]
10.3109/10582452.2013.851760,,[]
10.1145/2508363.2508366,USA,[{'name': 'NVIDIA Research'}]
10.1038/ijo.2013.87,,[]
10.3389/fnhum.2013.00580,,[]
10.1073/pnas.1306779110,Spain,"[{'name': 'Experimental Virtual Environments for Neuroscience and Technology (EVENT) Laboratory, Department of Personality, Evaluation and Psychological Treatment, Faculty of Psychology,'}, {'name': 'IR3C Institute for Brain, Cognition, and Behaviour, University of Barcelona, 08035 Barcelona, Spain"
10.1186/1743-0003-10-80,,[]
10.3389/fpsyg.2013.00354,,[]
10.1016/j.displa.2012.10.007,,[]
10.1109/tvcg.2013.43,,[]
10.1016/j.displa.2013.01.001,,[]
10.1109/tnsre.2012.2237040,,[]
10.1007/s10055-012-0216-3,,[]
10.1007/s00221-012-3352-9,,[]
10.4015/s1016237212500391,Taiwan,"[{'name': 'Department of Electronic Engineering and Communication Engineering, National Taipei University of Technology, Taipei 10608, Taiwan'}]"
10.1371/journal.pone.0040867,,[]
10.1109/tvcg.2011.278,,[]
10.1007/s00702-011-0757-8,,[]
10.1162/pres_a_00111,Netherlands,"[{'name': 'Delft University of Technology, 2628 CD Delft, The Netherlands'}]"
10.1007/s00221-012-3048-1,,[]
10.1109/tvcg.2012.45,,[]
10.1145/2134203.2134206,Spain,"[{'name': 'Universitat de Barcelona, Barcelona, Spain'}]"
10.1177/0269215511419383,Korea,"[{'name': 'Department of Physical Therapy, The Graduate School, Sahmyook University, Seoul, Republic of Korea'}]"
10.1162/pres_a_00089,France,"[{'name': 'EVENT Lab Facultat de Psicologia, Universitat de Barcelona Campus de, Mundet, Edifici Teatre, 08035 Barcelona, Spain'}, {'name': 'CERMA, École Centrale de Nantes, Nantes Cedex 3, France'}]"
10.1371/journal.pone.0030021,,[]
10.1080/01431161.2011.629233,,[]
10.1016/j.cirp.2012.05.010,,[]
10.1016/j.chb.2011.06.006,,[]
10.1371/journal.pone.0025759,,[]
10.1016/j.actpsy.2011.05.015,,[]
10.1109/tvcg.2011.41,,[]
10.1016/j.jneumeth.2011.05.011,,[]
10.1109/tvcg.2010.248,,[]
10.1186/1743-0003-8-36,,[]
10.1162/pres_a_00048,Italia,"[{'name': 'University of Genova, 16126 Genoa, Italy and Italian Institute of Technology, 16163 Genoa, Italy'}]"
10.1080/0144929x.2016.1212931,,[]
10.1109/maes.2011.5763338,,[]
10.1098/rstb.2010.0209,UK,"[{'name': 'Human Interface Technologies Team, School of Engineering, University of Birmingham, Birmingham B15 2TT, UK'}]"
10.1371/journal.pone.0016128,,[]
10.1080/10447318.2011.552059,,[]
10.1162/pres_a_00016,USA,"[{'name': 'Center for Human-Computer Interaction Department of Computer Science, Virginia Tech, Blacksburg, VA 24060'}]"
10.1016/j.compedu.2010.06.005,,[]
10.1080/01449290903160459,USA,"[{'name': 'Department of Psychology, University of Maryland, Baltimore County, Baltimore, Maryland.'}]"
10.1162/pres_a_00005,USA,"[{'name': 'Annenberg School for Communications and Journalism, University of Southern California, Los Angeles, California, 90089-0281'}]"
10.1093/jpepsy/jsp082,,[]
10.1007/s11554-009-0141-1,,[]
10.3758/brm.42.2.414,,[]
10.1002/cav.324,,[]
10.1016/j.destud.2009.11.001,,[]
10.1080/01449290903160459,,[]
10.1016/j.comppsych.2008.12.001,,[]
10.1016/j.isprsjprs.2009.10.001,,[]
10.1109/jdt.2009.2029123,,[]
10.1167/10.13.11,,[]
10.1049/iet-ipr.2017.0826,,[]
10.1016/j.burns.2009.01.013,,[]
10.1037/xlm0000597,Canada,"[{'name': 'GRAP, Occupational Psychology Clinic, Saguenay, Québec, Canada.'}]"
10.1097/opx.0b013e3181adff42,,[]
10.1093/jpepsy/jsn023,,[]
10.1162/pres.18.3.232,Spain,"[{'name': 'Instituto Universitario de Automática e Informática Industrial, Universidad Politécnica de Valencia, 46022 Valencia, Spain'}]"
10.1016/j.apmr.2008.10.030,,[]
10.1097/brs.0b013e31819b3254,,[]
10.1016/j.resuscitation.2008.12.016,,[]
10.1007/s11042-008-0223-2,,[]
10.1037/xlm0000597,Korea,"[{'name': 'Department of Biomedical Engineering, Hanyang University, Seoul, Republic of Korea.'}]"
10.1162/pres.17.6.575,Taiwan,"[{'name': 'Neural Regeneration Laboratory, National Yang-Ming University, School of Medicine, Taipei, 11217 Taiwan'}]"
10.1111/j.1553-2712.2008.00191.x,,[]
10.1016/j.actaastro.2007.11.001,,[]
10.3390/s8074350,,[]
10.1037/xhp0000597,Korea,"[{'name': 'Department of Physical Medicine and Rehabilitation, Myongi Hospital, Seoul, Korea.'}]"
10.1109/tnsre.2008.922676,,[]
10.1016/j.displa.2007.09.005,,[]
10.1016/j.epsr.2007.03.014,,[]
10.1007/s00221-007-1134-6,,[]
10.1123/jsr.17.1.38,,[]
10.1002/cae.20145,,[]
10.1145/1278387.1278392,USA,"[{'name': 'Vanderbilt University, Nashville, Tennessee'}]"
10.1037/0278-6133.26.6.794,,[]
10.1007/s11554-007-0043-z,,[]
10.1186/1743-0003-4-35,,[]
10.1037/xhp0000597,Germany,"[{'name': 'Department of Psychology, Biological Psychology, Clinical Psychology, and Psychotherapy, University of Würzburg, Würzburg, Germany.'}]"
10.1162/pres.16.4.399,USA,"[{'name': 'Steadman-Hawkins Sports Medicine Foundation, Colorado'}]"
10.1145/1265957.1265961,USA,"[{'name': 'Vanderbilt University, Nashville, TN'}]"
10.3130/jaabe.6.57,Japan,"[{'name': 'Research Fellow, Department of Built Environment, Tokyo Institute of Technology, Japan'}]"
10.1109/tvcg.2007.37,,[]
10.1518/001872007779598028,Germany,"[{'name': 'University of Duisburg-Essen, Duisburg, Germany,'}]"
10.1162/pres.16.1.111,,[]
10.1145/1227134.1227139,USA,"[{'name': 'Swarthmore College, Swarthmore, Pennsylvania'}]"
10.1188/07.onf.39-46,,[]
10.1016/j.jpain.2006.04.006,,[]
10.1016/s0001-4575(02)00081-7,USA,"[{'name': 'Department of Biomedical Engineering, New Jersey Institute of Technology, Newark, New Jersey.'}, {'name': 'Kessler Medical Rehabilitation Research and Education Corporation, West Orange, New Jersey.'}]"
10.1016/j.eurpsy.2004.10.004,,[]
10.1162/pres.15.5.588,Japan,"[{'name': 'Graduate School of Engineering Science, Osaka University, Osaka, Japan.'}]"
10.1016/j.neulet.2006.06.007,,[]
10.1016/s0001-4575(02)00081-7,Sweden,"[{'name': 'Department of Community Medicine and Rehabilitation, Umeå University, Umeå, Sweden'}, {'name': 'Department of Health Sciences, Luleå University of Technology, Luleå, Sweden.'}]"
10.1016/j.optlaseng.2005.06.005,,[]
10.1109/tvcg.2006.55,,[]
10.1016/j.trf.2017.08.005,UK,"[{'name': 'Health and Rehabilitation Sciences Research Institute, University of Ulster, Newtownabbey, Co. Antrim, Northern Ireland.'}]"
10.1016/j.trf.2017.08.005,USA,[{'name': 'Clinical Anesthesiology &amp
10.1117/1.2189211,,[]
10.1016/j.ijhcs.2005.08.004,,[]
10.1002/ecjb.20304,,[]
10.1080/13506280544000273,,[]
10.1016/j.jmatprotec.2004.09.086,,[]
10.1162/1054746053967012,Israel,"[{'name': 'Department of Occupational Therapy, University of Haifa, Haifa, Israel'}]"
10.1097/01.opx.0000156307.95086.6,,[]
10.1016/j.autcon.2004.08.001,,[]
10.1089/cpb.2004.7.519,Korea,"[{'name': 'Department of Biomedical Engineering, Hanyang University, Seoul, Korea.'}]"
10.1177/1063293x04042469,Italia,"[{'name': 'DIEM ? University of Bologna, Italy'}]"
10.1518/hfes.46.1.142.30384,Singapore,"[{'name': 'Nanyang Technological University, Singapore'}]"
10.1037/0022-0663.96.1.165,,[]
10.1016/s0005-7967(03)00139-6,,[]
10.1007/s10384-003-0001-7,,[]
10.1017/s0263574703005447,,[]
10.1016/j.biopha.2003.08.010,,[]
10.1016/j.jretconser.2019.02.016,Canada,"[{'name': 'School of Rehabilitation Sciences, Faculty of Health Sciences, University of Ottawa, Ottawa, Ontario, Canada'}]"
10.1016/j.jretconser.2019.02.016,,[]
10.1016/j.jretconser.2019.01.010,USA,"[{'name': 'Software Tools, Pittsburgh, Pennsylvania'}]"
10.1016/j.jretconser.2019.01.010,USA,"[{'name': 'Graduate Oncology Nursing Program, Duke University School of Nursing, Durham, North Carolina'}]"
10.1055/s-2003-37831,,[]
10.1016/s0007-8506(07)60517-4,,[]
10.1023/a:1021778608344,,[]
10.1016/s0143-8166(02)00034-9,,[]
10.1360/02tb9297,,[]
10.1023/a:1019960305038,,[]
10.1016/j.jbusres.2019.01.017,Korea,"[{'name': 'Department of Biomedical Engineering, Hanyang University, Seoul, Korea'}]"
10.1007/s00268-001-0127-z,,[]
10.1016/s0097-8493(01)00118-2,,[]
10.1006/ijhc.2001.0475,,[]
10.1162/1054746011470226,USA,"[{'name': 'Integrated Media Systems Center, University of Southern California, Los Angeles, CA 90089-2561,'}]"
10.1162/1054746011470271,USA,"[{'name': 'Neuropsychology and Neuroscience Laboratory, Kessler Medical Rehabilitation Research and Education Corporation, West Orange, NJ, .'}, {'name': 'Department of Physical Medicine and Rehabilitation, University of Medicine and Dentistry of New Jersey, New Jersey Medical School, Newark, NJ'}]"
10.1016/j.jbusres.2019.01.017,UK,"[{'name': 'Human-Computer Interaction Interaction Group, Department of Computer Science, University of York, York, United Kingdom'}]"
10.1504/ijtm.2001.002917,,[]
10.1016/s0924-0136(00)00717-2,,[]
10.1016/s0887-6185(00)00052-9,,[]
10.1089/10949310050078788,Germany,"[{'name': 'Division of Medical Informatics, University of Goettingen, Germany'}]"
10.1016/j.jbusres.2018.10.054,USA,[{'name': 'Integrated Media Systems Center'}]
10.1016/s0141-9382(00)00029-9,,[]
10.1016/s0278-2391(99)90722-x,,[]
10.2170/jjphysiol.49.417,,[]
10.1518/001872099779611067,HongKong,"[{'name': 'Hong Kong University of Science and Technology, Hong Kong'}]"
10.1097/00006324-199909000-00021,,[]
10.1162/105474699566341,Italia,"[{'name': 'Applied Technology for Neuro-Psychology Lab. Istituto Auxologico Italiano P.O. Box 1, 28900 Verbania, Italy'}]"
10.1162/105474699566152,UK,"[{'name': 'Department of Manufacturing Engineering and Operations Management, University of Nottingham, Nottingham NG7 2RD UK,'}]"
10.1016/s0141-9331(98)00105-7,,[]
10.1016/s0003-6870(98)00041-6,,[]
10.1016/s0003-6870(98)00043-x,,[]
10.1016/s0003-6870(98)00045-3,,[]
10.1016/s0361-9230(98)00104-x,,[]
10.1162/105474698565811,Japan,"[{'name': 'Research Center for Advanced Science and Technology (RCAST), The University of Tokyo,'}]"
10.1080/001401398187035,,[]
10.1109/5.662873,,[]
10.1016/s0141-9382(97)00011-5,,[]
10.1023/a:1018639714611,,[]
10.1080/001401397187603,,[]
10.1518/001872097778827070,USA,"[{'name': 'University of California at Berkeley, Berkeley, California'}]"
10.1016/s0168-874x(96)00078-9,,[]
10.1016/s0278-2391(97)90689-3,,[]
10.1162/pres.1997.6.1.118,USA,"[{'name': 'Boeing Information & Support Services, Research & Technology, Seattle, WA 98124.'}]"
10.1080/00140139608964552,,[]
10.1080/00140139608964557,,[]
10.1143/jjap.35.3121,,[]
10.1016/s0901-5027(96)80062-2,,[]
10.1007/bf02407087,,[]
10.1016/0010-4825(94)00007-d,,[]
10.1145/159161.173948,Canada,[{'name': 'University of Alberta'}]
10.1145/159544.159587,USA,"[{'name': 'Columbia Univ., New York, NY'}]"
10.1016/j.jbusres.2018.10.054,,[]
10.1089/10949310050078805,Germany,"[{'name': 'Competence Center Virtual Reality, Fraunhofer Institute (IAO) Stuttgart, Germany'}]"
10.1016/j.ipm.2019.102105,USA,"[{'name': 'Software Tools, Pittsburgh, Pennsylvania'}]"
10.1109/mm.2014.94,,[]
10.1016/j.ipm.2019.102105,,[]
10.1016/j.ijinfomgt.2016.04.017,Korea,"[{'name': 'Department of Biomedical Engineering, Hanyang University, Seoul, Republic of Korea.'}]"
10.1089/cyber.2014.0046,Korea,"[{'name': 'Department of Psychology, Chung-Ang University, Seoul, Korea.'}]"
10.1080/10447318.2014.927283,,[]
10.1080/00207540601064773,,[]
10.1109/mcg.2012.110,,[]
10.1504/ijcat.2015.069331,,[]
10.1016/j.ijinfomgt.2016.04.017,Canada,"[{'name': 'GRAP, Occupational Psychology Clinic, Saguenay, Québec, Canada.'}]"
10.1109/mcg.2004.1297006,,[]
10.1016/j.future.2018.11.041,Korea,"[{'name': 'Department of Physical Medicine and Rehabilitation, Myongi Hospital, Seoul, Korea.'}]"
10.1080/16864360.2006.10738485,,[]
10.1037/a0027524,,[]
10.1016/j.future.2018.11.041,USA,[{'name': 'Clinical Anesthesiology &amp
10.1002/hfm.20566,Taiwan,[{'name': 'Department of Industrial Management
10.1016/j.future.2018.08.049,UK,"[{'name': 'Human-Computer Interaction Interaction Group, Department of Computer Science, University of York, York, United Kingdom'}]"
10.1016/j.future.2018.08.049,USA,"[{'name': 'Human Photonics Laboratory, Mechanical Engineering, University of Washington, Seattle, Washington.'}, {'name': 'Psychiatry, Shriners Hospitals for Children, Galveston, Texas.'}]"
10.1016/j.future.2018.02.029,USA,"[{'name': 'Department of Biomedical Engineering, New Jersey Institute of Technology, Newark, New Jersey.'}, {'name': 'Kessler Medical Rehabilitation Research and Education Corporation, West Orange, New Jersey.'}]"
10.1089/cpb.2004.7.734,Spain,"[{'name': 'Departamento de Personalidad, Facultad de Psicologia, Universitat de València, València, Spain.'}]"
10.1016/j.future.2018.02.029,,[]
10.1109/38.963462,,[]
10.3233/wor-2012-0442-2201,Germany,"[{'name': 'Fraunhofer FKIE, Neuenahrer Str. 20, 53343, Wachtberg, Germany'}]"
10.1080/16864360.2006.10738444,,[]
10.1016/j.ergon.2020.102939,Germany,"[{'name': 'Department of Psychology, Biological Psychology, Clinical Psychology, and Psychotherapy, University of Würzburg, Würzburg, Germany.'}]"
10.1080/088395197118154,,[]
10.1109/mcg.2015.98,,[]
10.1109/mcg.2014.117,,[]
10.1016/j.ergon.2020.102939,,[]
10.1016/j.ergon.2019.06.013,,[]
10.1016/j.ergon.2016.01.001,Canada,"[{'name': 'School of Rehabilitation Sciences, Faculty of Health Sciences, University of Ottawa, Ottawa, Ontario, Canada'}]"
10.1016/j.ergon.2016.01.001,Korea,"[{'name': 'Department of Biomedical Engineering, Hanyang University, Seoul, Korea'}]"
10.1089/109493102753685890,HongKong,"[{'name': 'Department of Nursing and Health Sciences, Hong Kong Polytechnic University - Hung Hom, Kowloon, Hong Kong'}]"
10.1089/109493101300117938,UK,"[{'name': 'University of Bristol, Bristol, United Kingdom'}]"
10.1016/j.aap.2019.105356,USA,[{'name': 'Integrated Media Systems Center'}]
10.1016/j.aap.2019.105356,,[]
10.1016/j.aap.2018.06.003,Sweden,"[{'name': 'Department of Community Medicine and Rehabilitation, Umeå University, Umeå, Sweden'}, {'name': 'Department of Health Sciences, Luleå University of Technology, Luleå, Sweden.'}]"
10.1109/tbme.2005.848378,,[]
10.1109/mcg.2014.103,,[]
10.1016/j.aap.2018.06.003,UK,"[{'name': 'Health and Rehabilitation Sciences Research Institute, University of Ulster, Newtownabbey, Co. Antrim, Northern Ireland.'}]"
10.1007/s11517-019-02070-2,USA,"[{'name': 'Graduate Oncology Nursing Program, Duke University School of Nursing, Durham, North Carolina'}]"
10.1109/mcg.2015.102,,[]
10.1007/s11517-019-02070-2,USA,"[{'name': 'Department of Psychology, University of Maryland, Baltimore County, Baltimore, Maryland.'}]"
10.1109/mcg.2014.82,,[]
10.14400/jdc.2015.13.8.465,,[]
10.1145/1498700.1498702,USA,"[{'name': 'University of Utah, Salt Lake City, Utah'}]"
10.1145/1823738.1823744,USA,"[{'name': 'The University of Iowa, Iowa City, IA'}]"
10.1016/j.ergon.2010.10.001,,[]
10.1016/j.gaitpost.2012.02.010,,[]
10.1016/j.jneumeth.2018.03.010,,[]
10.3758/s13414-011-0170-2,,[]
